[
{
    "type" : "COMESTIBLE",
    "id" : "rice",
    "name" : "rice",
    "weight" : 100,
    "color" : "yellow",
    "comestible_type" : "FOOD",
    "symbol" : "|",
    "healthy" : 1,
    "nutrition" : 5,
    "fun" : -5,
    "description" :"Long-grain white rice.",
    "price" : 10,
    "material" : "veggy",
    "volume" : 1,
    "charges": 3,
    "spoils-in": 0,
    "flags" : ["HEAT_FOOD","EATEN_HOT"]
},
{
    "type": "COMESTIBLE",
    "id": "patty_plain_rice",
    "name": "plain rice patty",
    "name-plural": "plain rice patties",
    "material": "veggy",
    "symbol": "O",
    "color": "yellow",
    "comestible_type": "FOOD",
    "healthy": 3,
    "nutrition": 12,
    "quench": 6,
    "weight": 113.63,
    "volume": 3,
    "price": 50,
    "spoils-in": 12,
    "description": "A plain rice patty.",
    "plural-description": "Some plain rice patties.",
    "flags": ["HEAT_FOOD","EATEN_HOT" ]
},
{
    "type": "COMESTIBLE",
    "id": "burger_plain_rice",
    "name": "plain rice burger",
    "name-plural": "plain rice burgers",
    "material": "veggy",
    "symbol": "%",
    "color": "yellow",
    "comestible_type": "FOOD",
    "healthy": 28,
    "nutrition": 35,
    "quench": 2,
    "fun": 12,
    "weight": 352.253, 
    "//": "Haha, the decimal place is just the number backwards. This was not intended.", 
    "//": "It's just the base weight of the *rice patty*, times 3.10.",
    "volume": 6,
    "price": 50,
    "spoils_in": 3,
    "description": "A plain rice burger",
    "plural-description": "Some plain rice burgers",
    "flags": ["HEAT_FOOD","EATEN_HOT" ]
}
]