[
    {
        "result": "patty_plain_rice",
        "type": "recipe",
        "category": "CC_FOOD",
        "subcategory": "CSC_FOOD_VEGGI",
        "skill_used": "cooking",
        "difficulty": 2,
        "time": 5000,
        "autolearn": true,
        "tools": [ [ [ "hotplate", 25 ], [ "toolset", 25 ], [ "fire", -1 ] ] ],
        "qualities": [ { "id": "COOK", "level": 1 }  ],
        "components": [ [ [ "rice", 12 ] ], [ [ "water_clean", 1 ], [ "water", 1 ] ] ]
    },
    {
        "result": "burger_plain_rice",
        "type": "recipe",
        "category": "CC_FOOD",
        "subcategory": "CSC_FOOD_VEGGI",
        "skill_used": "cooking",
        "difficulty": 1,
        "time": 10,
        "autolearn": true,
        "components": [ [ [ "patty_plain_rice", 2 ] ], [ [ "meat_cooked", 1 ], [ "meat_smoked", 1 ], [ "jerky", 1 ], [ "dry_meat" , 1 ] ] ]
    },
    {
        "result": "rice",
        "type": "recipe",
        "category": "CC_FOOD",
        "subcategory": "CSC_FOOD_VEGGI",
        "skill_used": "survival",
        "skills_required": [ [ "survival", 3 ], [ "cooking", 1 ] ],
        "difficulty": 0,
        "time": 100,
        "qualities": [ { "id": "CUT", "level": 1   } ],
        "components": [ [ "rice", 4 ] ]
    },
    {
        "result": "seed_rice",
        "type": "recipe",
        "category": "CC_FOOD",
        "subcategory": "CSC_FOOD_OTHER",
        "skill_used": "survival",
        "difficulty": 2,
        "time": 5000,
        "autolearn": true,
        "qualities": [ { "id": "CUT", "level": 1 } ],
        "components": [ [ [ "rice", 1 ] ] ]
    }
]