[
    {
        "id": "nugget_steel",
        "type": "AMMO",
        "category": "spare_parts",
        "name": "steel nugget",
        "plural": "steel nuggets",
        "description": "Small steel nuggets to be used for producing larger bars",
        "weight": 20,
        "volume": 1,
        "price": 1000,
        "count": 2,
        "charges": 5,
        "stack_size": 150,
        "material": "steel",
        "symbol": ",",
        "color": "light_gray",
        "ammo_type": "components"
    },
    {
        "id": "bar_steel",
        "type": "AMMO",
        "category": "spare_parts",
        "name": "steel bar",
        "name-plural": "steel bars",
        "description": "Large bars of steel for industrialization",
        "weight": 100,
        "volume": 5,
        "price": 10000,
        "count": 3,
        "charges": 1,
        "stack_size": 20,
        "material": "steel",
        "symbol": "*",
        "color": "light_gray",
        "ammo_type": "components"
    }  
]