[
    {
     "abstract": "seed",
     "type": "COMESTIBLE",
     "comestible_type": "FOOD",
     "description": "Seeds",
     "name": "seed",
     "category": "other",
     "volume": 1,
     "weight": 1,
     "price": 120,
     "charges": 4,
     "stack_size": 100,
     "material": "fruit",
     "symbol": ".",
     "color": "light_gray"
   },
   {
    "id": "seed_steel",
    "copy-from": "seed",
    "type": "COMESTIBLE",
    "name": "steel buckwheat seed",
    "name-plural": "steel buckwheat seeds",
    "weight": 10,
    "volume": 0,
    "description": "A mutated buckwheat plant that produces steel nuggets, along with buckwheat.",
    "seed_data": {
        "plant_name": "steel buckwheat",
        "fruit": "nugget_steel",
        "byproducts": [ "scrap", "buckwheat" ],
        "grow": 100
    }
   },
   {
    "id": "seed_gold",
    "copy-from": "seed",
    "type": "COMESTIBLE",
    "name": "gold buckwheat seed",
    "name-plural": "gold buckwheat seeds",
    "weight": 10,
    "volume": 0,
    "description": "A mutated buckwheat plant that produces small gold pieces, along with buckwheat.",
    "seed_data": {
        "plant_name": "gold buckwheat",
        "fruit": "gold_small",
        "byproducts": [ "buckwheat" ],
        "grow": 100
    }
   },
   {
    "id": "seed_silver",
    "copy-from": "seed",
    "type": "COMESTIBLE",
    "name": "silver buckwheat seed",
    "name-plural": "silver buckwheat seeds",
    "weight": 10,
    "volume": 0,
    "description": "A mutated buckwheat plant that produces small siver pieces, along with buckwheat.",
    "seed_data": {
        "plant_name": "silver buckwheat",
        "fruit": "silver_small",
        "byproducts": [ "buckwheat" ],
        "grow": 100
    }
   }
]
