[
    {
        "type": "monster_attack",
        "attack_type": "melee",
        "id": "peck",
        "cooldown": 20,
        "move_cost": 150,
        "damage_max_instance": [
          {
            "damage_type": "cut",
            "amount": 5
          }
        ],
        "body_parts": [ [ "HEAD", 3 ], [ "EYES", 2 ], [ "MOUTH", 1 ], [ "TORSO", 4 ] ],
        "hit_dmg_u": "The %1$s pecks at you at you!",
        "hit_dmg_npc": "The %1$s pecks at <npcname>!",
        "no_dmg_msg_u": "The %1$s tries to peck you, but fails to.",
        "no_dmg_msg_npc": "The %1$s tries to peck <npcname>, but fails to."
      }
]