[
    {
        "id": "mon_zom_crow",
        "type": "MONSTER",
        "name": "zombie crow",
        "description": "What used to be a elegant black bird is now a rotten husk of a bird, unfogiving in it's fight to find food.",
        "default_faction": "zombie",
        "categories": [ "WILDLIFE" ],
        "species": [ "ZOMBIE" ],
        "diff": 2,
        "size": "TINY",
        "hp": 12,
        "speed": 140,
        "material": [ "flesh" ],
        "symbol": "v",
        "color": "dkgray",
        "aggression": 100,
        "morale": 50,
        "melee_dice": 1,
        "melee_dice_sides": 2,
        "melee_cut": 3,
        "dodge": 4,
        "special_attacks": [ [ "peck", 20 ] ],
        "death_function": [ "NORMAL" ],
        "flags": [ "SEES", "HEARS", "SMELLS", "FLIES", "BONES", "FEATHER", "HARDTOSHOOT", "NO_BREATHE", "REVIVES" ]
    }
]