[
    {
        "type" : "AMMO",
        "id" : "hybrid_bolt",
        "category" : "ammo",
        "price" : 3500,
        "name" : "hybrid crossbow bolt",
        "symbol" : "|",
        "color" : "dark_grey",
        "description" : "A smaller crossbow bolt intended to be used with a hybrid crossbow.",
        "volume" : 1,
        "weight" : 1,
        "phase" : "solid",
        "ammo_type" : "small_bolt_crossbow",
        "range" : 12,
        "damage": 23,
        "dispersion": 5,
        "recoil": 10,
        "count" : 2,
        "effects" : [ "NEVER_MISFIRES" ]
    }
]