[
    {
        "type" : "AMMO",
        "id" : "hybrid_bolt",
        "category" : "ammo",
        "price" : 3500,
        "name" : "hybrid crossbow bolt",
        "name-plural" : "hybrid crossbow bolts",
        "symbol" : "|",
        "color" : "dark_grey",
        "description" : "A smaller crossbow bolt intended to be used with a hybrid crossbow.",
        "volume" : 1,
        "weight" : 9,
        "phase" : "solid",
        "ammo_type" : "small_bolt_crossbow",
        "range" : 12,
        "damage": 23,
        "dispersion": 5,
        "recoil": 10,
        "count" : 2,
        "effects" : [ "NEVER_MISFIRES", "RECOVER_12", "BOLT" ]
    },
    {
        "type" : "AMMO",
        "id" : "hybrid_bolt_explode",
        "category" : "ammo",
        "price" : 3500,
        "name" : "explosive hybrid crossbow bolt",
        "name-plural" : "hybrid explosive bolts",
        "symbol" : "|",
        "color" : "dark_grey",
        "description" : "A bolt for the hybrid crossbow. Since it explodes it is made lighter to be fired farther.  This is basically a frag grenade taped to a hybrid bolt.",
        "volume" : 1,
        "weight" : 4,
        "phase" : "solid",
        "ammo_type" : "small_bolt_crossbow",
        "range" : 18,
        "damage": 23,
        "dispersion": 5,
        "recoil": 10,
        "count" : 2,
        "effects" : [ "NEVER_MISFIRES", "FRAG", "BOLT" ]
    }
]