[
    {
        "id": "crossbow_hybrid_mag",
        "type": "MAGAZINE",
        "name": "hybrid crossbow magazine",
        "name-plural": "hybrid crossbow magazine",
        "description": "A smaller magazine made for a hybrid crossbow.",
        "weight": 210,
        "volume": 2,
        "price": 4700,
        "material": "plastic",
        "symbol": "#",
        "color": "ltgray",
        "ammo_type": "small_bolt_crossbow",
        "capacity": 15,
        "reliability": 7,
        "reload_time": 140,
        "flags": [ "MAG_COMPACT" ]
    },
    {
        "id": "crossbow_hybrid_mag_extended",
        "type": "MAGAZINE",
        "name": "hybrid crossbow extended magazine",
        "name-plural": "hybrid crossbow extended magazines",
        "description": "A large magazine made for a hybrid crossbow, yet it is more prone to malfunctions.",
        "weight": 210,
        "volume": 2,
        "price": 4700,
        "material": "plastic",
        "symbol": "#",
        "color": "ltgray",
        "ammo_type": "small_bolt_crossbow",
        "capacity": 25,
        "reliability": 3,
        "reload_time": 170
    }
]