[
     {
        "id": "hybrid_crossbow_19",
        "copy-from": "pistol_base",
        "type": "GUN",
        "name": "hybrid crossbow",
        "description": "A modified Glock 19.  Uses a magazine to fire smaller hybrid bolts, yet keeps the silence of a crossbow.",
        "weight": 595,
        "volume": 2,
        "price": 69000,
        "to_hit": -2,
        "bashing": 8,
        "material": [ "plastic", "steel" ],
        "symbol": "(",
        "color": "dark_gray",
        "flags": [ "PRIMITIVE_RANGED_WEAPON" ],
        "ammo": "small_bolt_crossbow",
        "//": "This is a note to future Alex, stop replacing this with \"Hybrid_Bolt\". This is specifying the ammo type used.",
        "valid_mod_locations": [ [ "accessories", 2 ],[ "grip", 1 ],[ "mechanism", 4 ],[ "rail", 1 ],[ "sights", 1 ],[ "stock", 1 ],[ "underbarrel", 1 ] ],
        "ranged_damage": -1,
        "dispersion": 480,
        "durability": 6,
        "magazine_well": 1,
        "magazines":  [
            [ "small_bolt_crossbow", [ "crossbow_hybrid_mag", "crossbow_hybrid_mag_extended" ] ]
        ]
      },
      {
        "id": "hybrid_crossbow_22",
        "copy-from": "pistol_base",
        "type": "GUN",
        "name": "hybrid crossbow",
        "description": "A modified Glock 19.  Uses a magazine to fire smaller hybrid bolts, yet keeps the silence of a crossbow.",
        "weight": 595,
        "volume": 2,
        "price": 69000,
        "to_hit": -2,
        "bashing": 8,
        "material": [ "plastic", "steel" ],
        "symbol": "(",
        "color": "dark_gray",
        "flags": [ "PRIMITIVE_RANGED_WEAPON" ],
        "ammo": "small_bolt_crossbow",
        "//": "This is a note to future Alex, stop replacing this with \"Hybrid_Bolt\". This is specifying the ammo type used.",
        "valid_mod_locations": [ [ "accessories", 2 ], [ "barrel", 1 ], [ "bore", 1 ], [ "grip", 1 ], [ "mechanism", 4 ], [ "muzzle", 1 ], [ "rail", 1 ], [ "sights", 1 ], [ "stock", 1 ], [ "underbarrel", 1 ] ],
        "ranged_damage": 1,
        "dispersion": 480,
        "durability": 6,
        "magazine_well": 1,
        "magazines":  [
            [ "small_bolt_crossbow", [ "crossbow_hybrid_mag", "crossbow_hybrid_mag_extended" ] ]
        ]
      }
]