[
    {
        "id": "item_small_bolt_crossbow",
        "type": "AMMO",
        "category": "spare_parts",
        "name": "small crossbow bolt",
        "name_plural": "small crossbow bolts",
        "description": "If you see this, get out of debug.",
        "weight": 3,
        "volume": 1,
        "price": 5000,
        "count": 100,
        "stack_size": 150,
        "material": [ "steel" ],
        "symbol": "=",
        "color": "dark_gray",
        "ammo_type": "components"
      }
]