[
  {
    "id": "mon_turret_science",
    "type": "MONSTER",
    "name": "science turret",
    "description": "The Modern Science MK-1 \"Steel Cutter\", a large, box-like light machine gun turret, it's equipped with light armor plating.",
    "default_faction": "defense_bot",
    "species": [ "ROBOT" ],
    "diff": 14,
    "size":"LARGE",
    "hp": 70,
    "speed": 100,
    "material": [ "steel" ],
    "symbol": "2",
    "color": "ltgray",
    "aggression": 100,
    "morale": 100,
    "armor_bash": 17,
    "armor_cut": 20,
    "luminance": 200,
    "revert_to_itype": "bot_turret_science",
    "starting_ammo": { "8mm_hvp": 4000 },
    "special_attacks": [
      {
        "type": "gun",
        "cooldown": 2,
        "gun_type": "rm614_lmg",
        "ranges": [
          [ 0, 6, "AUTO" ],
          [ 7, 12, "DEFAULT" ]
        ]
      }
    ],
    "death_drops": {
      "groups": [
        [ "robots", 10 ]
      ]
    },
    "death_function": [ "EXPLODE" ],
    "flags": [ "SEES", "NOHEAD", "ELECTRONIC", "IMMOBILE", "NO_BREATHE" ]
  },
  {
    "id": "mon_zombie_scientist",
    "type": "MONSTER",
    "name": "zombie scientist",
    "description": "Apart from the jet black eyes it would be easy to believe this scientist was still alive.  Clad in a tattered lab coat, it looks to have some measure of situational awareness and resourcefulness.",
    "default_faction": "zombie_science",
    "species": [ "ZOMBIE" ],
    "diff": 3,
    "size": "MEDIUM",
    "hp": 80,
    "speed": 75,
    "material": [ "flesh" ],
    "symbol": "Z",
    "color": "white_cyan",
    "aggression": 100,
    "morale": 100,
    "melee_skill": 3,
    "melee_dice": 2,
    "melee_dice_sides": 4,
    "melee_cut": 2,
    "dodge": 1,
    "vision_day": 50,
    "vision_night": 3,
    "starting_ammo": { "bot_manhack": 3 },
    "path_settings": { "max_dist": 5 },
    "special_attacks": [
      [ "SCIENCE", 20 ],
      [ "scratch", 20 ]
    ]
  }
]