[
    {
     "abstract": "seed",
     "type": "COMESTIBLE",
     "comestible_type": "FOOD",
     "description": "Seeds",
     "name": "seed",
     "category": "other",
     "volume": 1,
     "weight": 1,
     "price": 120,
     "charges": 4,
     "stack_size": 100,
     "material": "fruit",
     "symbol": ".",
     "color": "brown"
   },
   {
    "id": "seed_rice",
    "copy-from": "seed",
    "type": "COMESTIBLE",
    "name": "rice seed",
    "name-plural": "rice seeds",
    "weight": 5,
    "volume": 10,
    "description": "Long grain rice seed",
    "seed_data": {
        "plant_name": "rice",
        "fruit": "rice",
        "byproducts": [ "plant_fibre" ],
        "grow": 100
    }
}
]