[
{
    "type": "COMESTIBLE",
    "id": "burger_pepper_rice",
    "name": "spiced rice burger",
    "name-plural": "spiced rice burgers",
    "material": "veggy",
    "symbol": "%",
    "color": "yellow",
    "comestible_type": "FOOD",
    "healthy": 28,
    "nutrition": 35,
    "quench": 2,
    "fun": 25,
    "weight": 352.253, 
    "//": "Haha, the decimal place is just the number backwards. This was not intended.", 
    "//": "It's just the base weight of the *rice patty*, times 3.10.",
    "volume": 6,
    "price": 50,
    "spoils_in": 3,
    "description": "A rice burger \"spiced\" with pepper",
    "plural-description": "Some rice burgers \"spiced\" with pepper",
    "flags": ["HEAT_FOOD","EATEN_HOT" ]
},
{
    "type": "COMESTIBLE",
    "id": "burger_chilly_p_rice",
    "name": "spiced rice burger",
    "name-plural": "spiced rice burgers",
    "material": "veggy",
    "symbol": "%",
    "color": "yellow",
    "comestible_type": "FOOD",
    "healthy": 28,
    "nutrition": 35,
    "quench": 2,
    "fun": 30,
    "weight": 352.253, 
    "//": "Haha, the decimal place is just the number backwards. This was not intended.", 
    "//": "It's just the base weight of the *rice patty*, times 3.10.",
    "volume": 6,
    "price": 50,
    "spoils_in": 3,
    "description": "A rice burger \"spiced\" with chilly pepper",
    "plural-description": "Some rice burgers \"spiced\" with chilly pepper",
    "flags": ["HEAT_FOOD","EATEN_HOT" ]
},
{
    "type": "COMESTIBLE",
    "id": "burger_seasoning_italian_rice",
    "name": "spiced rice burger",
    "name-plural": "spiced rice burgers",
    "material": "veggy",
    "symbol": "%",
    "color": "yellow",
    "comestible_type": "FOOD",
    "healthy": 28,
    "nutrition": 35,
    "quench": 2,
    "fun": 30,
    "weight": 352.253, 
    "//": "Haha, the decimal place is just the number backwards. This was not intended.", 
    "//": "It's just the base weight of the *rice patty*, times 3.10.",
    "volume": 6,
    "price": 50,
    "spoils_in": 3,
    "description": "A rice burger \"spiced\" with italian seasoning",
    "plural-description": "Some rice burgers \"spiced\" with itatian seasoning",
    "flags": ["HEAT_FOOD","EATEN_HOT" ]
},
{
    "type": "COMESTIBLE",
    "id": "burger_seasoning_salt_rice",
    "name": "spiced rice burger",
    "name-plural": "spiced rice burgers",
    "material": "veggy",
    "symbol": "%",
    "color": "yellow",
    "comestible_type": "FOOD",
    "healthy": 28,
    "nutrition": 35,
    "quench": 2,
    "fun": 28,
    "weight": 352.253, 
    "//": "Haha, the decimal place is just the number backwards. This was not intended.", 
    "//": "It's just the base weight of the *rice patty*, times 3.10.",
    "volume": 6,
    "price": 50,
    "spoils_in": 3,
    "description": "A rice burger \"spiced\" with seasoning salt",
    "plural-description": "Some rice burgers \"spiced\" with seasoning salf",
    "flags": ["HEAT_FOOD","EATEN_HOT" ]
}
]