[
    {
        "type" : "item_group",
        "id" : "farming_seeds_asian",
        "items" : [
              ["seed_rice", 69] 
            ]
    },
    {
        "id": "groce_ingredient_asian",
        "type": "item_group",
        "items": [
          [ "flour", 10],
          [ "patty_plain_rice", 23 ],
          [ "rice", 68 ]
        ]
    },
    {
        "id": "groce_premade_asian",
        "type": "item_group",
        "items": [
        [ "burger_plain_rice", 60 ]
       ]
    }
]