[
    {
        "result": "burger_pepper_rice",
        "type": "recipe",
        "category": "CC_FOOD",
        "subcategory": "CSC_FOOD_VEGGI",
        "skill_used": "cooking",
        "difficulty": 1,
        "time": 10,
        "autolearn": true,
        "components": [ [ [ "burger_plain_rice", 1 ] ], [ [ "pepper", 20 ] ] ]
    },
    {
        "result": "burger_chilly_p_rice",
        "type": "recipe",
        "category": "CC_FOOD",
        "subcategory": "CSC_FOOD_VEGGI",
        "skill_used": "cooking",
        "difficulty": 1,
        "time": 10,
        "autolearn": true,
        "components": [ [ [ "burger_plain_rice", 1 ] ], [ [ "seasoning_italian", 20 ] ] ]
    }
]